target_keyword,canonical_url,workflow,business_context,deliverable,review_measure
AI acquisition deal screening for marketing agencies,https://www.creativeacquisitionsbook.com/workflows/ai-deal-screening/marketing-agencies,ai-deal-screening,marketing-agencies,a first-pass screen and targeted seller questions,advanced opportunities with a documented reason
AI acquisition deal screening for consulting firms,https://www.creativeacquisitionsbook.com/workflows/ai-deal-screening/consulting-firms,ai-deal-screening,consulting-firms,a first-pass screen and targeted seller questions,advanced opportunities with a documented reason
AI acquisition deal screening for software companies,https://www.creativeacquisitionsbook.com/workflows/ai-deal-screening/software-companies,ai-deal-screening,software-companies,a first-pass screen and targeted seller questions,advanced opportunities with a documented reason
AI acquisition deal screening for ecommerce brands,https://www.creativeacquisitionsbook.com/workflows/ai-deal-screening/ecommerce-brands,ai-deal-screening,ecommerce-brands,a first-pass screen and targeted seller questions,advanced opportunities with a documented reason
AI acquisition deal screening for manufacturers,https://www.creativeacquisitionsbook.com/workflows/ai-deal-screening/manufacturers,ai-deal-screening,manufacturers,a first-pass screen and targeted seller questions,advanced opportunities with a documented reason
AI acquisition deal screening for wholesale distributors,https://www.creativeacquisitionsbook.com/workflows/ai-deal-screening/wholesale-distributors,ai-deal-screening,wholesale-distributors,a first-pass screen and targeted seller questions,advanced opportunities with a documented reason
AI acquisition deal screening for construction companies,https://www.creativeacquisitionsbook.com/workflows/ai-deal-screening/construction-companies,ai-deal-screening,construction-companies,a first-pass screen and targeted seller questions,advanced opportunities with a documented reason
AI acquisition deal screening for trade contractors,https://www.creativeacquisitionsbook.com/workflows/ai-deal-screening/trade-contractors,ai-deal-screening,trade-contractors,a first-pass screen and targeted seller questions,advanced opportunities with a documented reason
AI acquisition deal screening for salons,https://www.creativeacquisitionsbook.com/workflows/ai-deal-screening/salons,ai-deal-screening,salons,a first-pass screen and targeted seller questions,advanced opportunities with a documented reason
AI acquisition deal screening for restaurants,https://www.creativeacquisitionsbook.com/workflows/ai-deal-screening/restaurants,ai-deal-screening,restaurants,a first-pass screen and targeted seller questions,advanced opportunities with a documented reason
AI acquisition deal screening for retail stores,https://www.creativeacquisitionsbook.com/workflows/ai-deal-screening/retail-stores,ai-deal-screening,retail-stores,a first-pass screen and targeted seller questions,advanced opportunities with a documented reason
AI acquisition deal screening for logistics companies,https://www.creativeacquisitionsbook.com/workflows/ai-deal-screening/logistics-companies,ai-deal-screening,logistics-companies,a first-pass screen and targeted seller questions,advanced opportunities with a documented reason
AI acquisition deal screening for cleaning companies,https://www.creativeacquisitionsbook.com/workflows/ai-deal-screening/cleaning-companies,ai-deal-screening,cleaning-companies,a first-pass screen and targeted seller questions,advanced opportunities with a documented reason
AI acquisition deal screening for landscaping companies,https://www.creativeacquisitionsbook.com/workflows/ai-deal-screening/landscaping-companies,ai-deal-screening,landscaping-companies,a first-pass screen and targeted seller questions,advanced opportunities with a documented reason
AI acquisition deal screening for automotive shops,https://www.creativeacquisitionsbook.com/workflows/ai-deal-screening/automotive-shops,ai-deal-screening,automotive-shops,a first-pass screen and targeted seller questions,advanced opportunities with a documented reason
AI acquisition deal screening for fitness studios,https://www.creativeacquisitionsbook.com/workflows/ai-deal-screening/fitness-studios,ai-deal-screening,fitness-studios,a first-pass screen and targeted seller questions,advanced opportunities with a documented reason
AI acquisition deal screening for training companies,https://www.creativeacquisitionsbook.com/workflows/ai-deal-screening/training-companies,ai-deal-screening,training-companies,a first-pass screen and targeted seller questions,advanced opportunities with a documented reason
AI acquisition deal screening for staffing agencies,https://www.creativeacquisitionsbook.com/workflows/ai-deal-screening/staffing-agencies,ai-deal-screening,staffing-agencies,a first-pass screen and targeted seller questions,advanced opportunities with a documented reason
AI acquisition deal screening for event companies,https://www.creativeacquisitionsbook.com/workflows/ai-deal-screening/event-companies,ai-deal-screening,event-companies,a first-pass screen and targeted seller questions,advanced opportunities with a documented reason
AI acquisition deal screening for architecture firms,https://www.creativeacquisitionsbook.com/workflows/ai-deal-screening/architecture-firms,ai-deal-screening,architecture-firms,a first-pass screen and targeted seller questions,advanced opportunities with a documented reason
AI acquisition diligence request lists for marketing agencies,https://www.creativeacquisitionsbook.com/workflows/ai-diligence-requests/marketing-agencies,ai-diligence-requests,marketing-agencies,a prioritized evidence request register,requests resolved with usable decision evidence
AI acquisition diligence request lists for consulting firms,https://www.creativeacquisitionsbook.com/workflows/ai-diligence-requests/consulting-firms,ai-diligence-requests,consulting-firms,a prioritized evidence request register,requests resolved with usable decision evidence
AI acquisition diligence request lists for software companies,https://www.creativeacquisitionsbook.com/workflows/ai-diligence-requests/software-companies,ai-diligence-requests,software-companies,a prioritized evidence request register,requests resolved with usable decision evidence
AI acquisition diligence request lists for ecommerce brands,https://www.creativeacquisitionsbook.com/workflows/ai-diligence-requests/ecommerce-brands,ai-diligence-requests,ecommerce-brands,a prioritized evidence request register,requests resolved with usable decision evidence
AI acquisition diligence request lists for manufacturers,https://www.creativeacquisitionsbook.com/workflows/ai-diligence-requests/manufacturers,ai-diligence-requests,manufacturers,a prioritized evidence request register,requests resolved with usable decision evidence
AI acquisition diligence request lists for wholesale distributors,https://www.creativeacquisitionsbook.com/workflows/ai-diligence-requests/wholesale-distributors,ai-diligence-requests,wholesale-distributors,a prioritized evidence request register,requests resolved with usable decision evidence
AI acquisition diligence request lists for construction companies,https://www.creativeacquisitionsbook.com/workflows/ai-diligence-requests/construction-companies,ai-diligence-requests,construction-companies,a prioritized evidence request register,requests resolved with usable decision evidence
AI acquisition diligence request lists for trade contractors,https://www.creativeacquisitionsbook.com/workflows/ai-diligence-requests/trade-contractors,ai-diligence-requests,trade-contractors,a prioritized evidence request register,requests resolved with usable decision evidence
AI acquisition diligence request lists for salons,https://www.creativeacquisitionsbook.com/workflows/ai-diligence-requests/salons,ai-diligence-requests,salons,a prioritized evidence request register,requests resolved with usable decision evidence
AI acquisition diligence request lists for restaurants,https://www.creativeacquisitionsbook.com/workflows/ai-diligence-requests/restaurants,ai-diligence-requests,restaurants,a prioritized evidence request register,requests resolved with usable decision evidence
AI acquisition diligence request lists for retail stores,https://www.creativeacquisitionsbook.com/workflows/ai-diligence-requests/retail-stores,ai-diligence-requests,retail-stores,a prioritized evidence request register,requests resolved with usable decision evidence
AI acquisition diligence request lists for logistics companies,https://www.creativeacquisitionsbook.com/workflows/ai-diligence-requests/logistics-companies,ai-diligence-requests,logistics-companies,a prioritized evidence request register,requests resolved with usable decision evidence
AI acquisition diligence request lists for cleaning companies,https://www.creativeacquisitionsbook.com/workflows/ai-diligence-requests/cleaning-companies,ai-diligence-requests,cleaning-companies,a prioritized evidence request register,requests resolved with usable decision evidence
AI acquisition diligence request lists for landscaping companies,https://www.creativeacquisitionsbook.com/workflows/ai-diligence-requests/landscaping-companies,ai-diligence-requests,landscaping-companies,a prioritized evidence request register,requests resolved with usable decision evidence
AI acquisition diligence request lists for automotive shops,https://www.creativeacquisitionsbook.com/workflows/ai-diligence-requests/automotive-shops,ai-diligence-requests,automotive-shops,a prioritized evidence request register,requests resolved with usable decision evidence
AI acquisition diligence request lists for fitness studios,https://www.creativeacquisitionsbook.com/workflows/ai-diligence-requests/fitness-studios,ai-diligence-requests,fitness-studios,a prioritized evidence request register,requests resolved with usable decision evidence
AI acquisition diligence request lists for training companies,https://www.creativeacquisitionsbook.com/workflows/ai-diligence-requests/training-companies,ai-diligence-requests,training-companies,a prioritized evidence request register,requests resolved with usable decision evidence
AI acquisition diligence request lists for staffing agencies,https://www.creativeacquisitionsbook.com/workflows/ai-diligence-requests/staffing-agencies,ai-diligence-requests,staffing-agencies,a prioritized evidence request register,requests resolved with usable decision evidence
AI acquisition diligence request lists for event companies,https://www.creativeacquisitionsbook.com/workflows/ai-diligence-requests/event-companies,ai-diligence-requests,event-companies,a prioritized evidence request register,requests resolved with usable decision evidence
AI acquisition diligence request lists for architecture firms,https://www.creativeacquisitionsbook.com/workflows/ai-diligence-requests/architecture-firms,ai-diligence-requests,architecture-firms,a prioritized evidence request register,requests resolved with usable decision evidence
AI acquisition seller call agendas for marketing agencies,https://www.creativeacquisitionsbook.com/workflows/ai-seller-call-agendas/marketing-agencies,ai-seller-call-agendas,marketing-agencies,a call agenda with source references and next-step options,priority questions answered or explicitly left open
AI acquisition seller call agendas for consulting firms,https://www.creativeacquisitionsbook.com/workflows/ai-seller-call-agendas/consulting-firms,ai-seller-call-agendas,consulting-firms,a call agenda with source references and next-step options,priority questions answered or explicitly left open
AI acquisition seller call agendas for software companies,https://www.creativeacquisitionsbook.com/workflows/ai-seller-call-agendas/software-companies,ai-seller-call-agendas,software-companies,a call agenda with source references and next-step options,priority questions answered or explicitly left open
AI acquisition seller call agendas for ecommerce brands,https://www.creativeacquisitionsbook.com/workflows/ai-seller-call-agendas/ecommerce-brands,ai-seller-call-agendas,ecommerce-brands,a call agenda with source references and next-step options,priority questions answered or explicitly left open
AI acquisition seller call agendas for manufacturers,https://www.creativeacquisitionsbook.com/workflows/ai-seller-call-agendas/manufacturers,ai-seller-call-agendas,manufacturers,a call agenda with source references and next-step options,priority questions answered or explicitly left open
AI acquisition seller call agendas for wholesale distributors,https://www.creativeacquisitionsbook.com/workflows/ai-seller-call-agendas/wholesale-distributors,ai-seller-call-agendas,wholesale-distributors,a call agenda with source references and next-step options,priority questions answered or explicitly left open
AI acquisition seller call agendas for construction companies,https://www.creativeacquisitionsbook.com/workflows/ai-seller-call-agendas/construction-companies,ai-seller-call-agendas,construction-companies,a call agenda with source references and next-step options,priority questions answered or explicitly left open
AI acquisition seller call agendas for trade contractors,https://www.creativeacquisitionsbook.com/workflows/ai-seller-call-agendas/trade-contractors,ai-seller-call-agendas,trade-contractors,a call agenda with source references and next-step options,priority questions answered or explicitly left open
AI acquisition seller call agendas for salons,https://www.creativeacquisitionsbook.com/workflows/ai-seller-call-agendas/salons,ai-seller-call-agendas,salons,a call agenda with source references and next-step options,priority questions answered or explicitly left open
AI acquisition seller call agendas for restaurants,https://www.creativeacquisitionsbook.com/workflows/ai-seller-call-agendas/restaurants,ai-seller-call-agendas,restaurants,a call agenda with source references and next-step options,priority questions answered or explicitly left open
AI acquisition seller call agendas for retail stores,https://www.creativeacquisitionsbook.com/workflows/ai-seller-call-agendas/retail-stores,ai-seller-call-agendas,retail-stores,a call agenda with source references and next-step options,priority questions answered or explicitly left open
AI acquisition seller call agendas for logistics companies,https://www.creativeacquisitionsbook.com/workflows/ai-seller-call-agendas/logistics-companies,ai-seller-call-agendas,logistics-companies,a call agenda with source references and next-step options,priority questions answered or explicitly left open
AI acquisition seller call agendas for cleaning companies,https://www.creativeacquisitionsbook.com/workflows/ai-seller-call-agendas/cleaning-companies,ai-seller-call-agendas,cleaning-companies,a call agenda with source references and next-step options,priority questions answered or explicitly left open
AI acquisition seller call agendas for landscaping companies,https://www.creativeacquisitionsbook.com/workflows/ai-seller-call-agendas/landscaping-companies,ai-seller-call-agendas,landscaping-companies,a call agenda with source references and next-step options,priority questions answered or explicitly left open
AI acquisition seller call agendas for automotive shops,https://www.creativeacquisitionsbook.com/workflows/ai-seller-call-agendas/automotive-shops,ai-seller-call-agendas,automotive-shops,a call agenda with source references and next-step options,priority questions answered or explicitly left open
AI acquisition seller call agendas for fitness studios,https://www.creativeacquisitionsbook.com/workflows/ai-seller-call-agendas/fitness-studios,ai-seller-call-agendas,fitness-studios,a call agenda with source references and next-step options,priority questions answered or explicitly left open
AI acquisition seller call agendas for training companies,https://www.creativeacquisitionsbook.com/workflows/ai-seller-call-agendas/training-companies,ai-seller-call-agendas,training-companies,a call agenda with source references and next-step options,priority questions answered or explicitly left open
AI acquisition seller call agendas for staffing agencies,https://www.creativeacquisitionsbook.com/workflows/ai-seller-call-agendas/staffing-agencies,ai-seller-call-agendas,staffing-agencies,a call agenda with source references and next-step options,priority questions answered or explicitly left open
AI acquisition seller call agendas for event companies,https://www.creativeacquisitionsbook.com/workflows/ai-seller-call-agendas/event-companies,ai-seller-call-agendas,event-companies,a call agenda with source references and next-step options,priority questions answered or explicitly left open
AI acquisition seller call agendas for architecture firms,https://www.creativeacquisitionsbook.com/workflows/ai-seller-call-agendas/architecture-firms,ai-seller-call-agendas,architecture-firms,a call agenda with source references and next-step options,priority questions answered or explicitly left open
AI acquisition financing term comparisons for marketing agencies,https://www.creativeacquisitionsbook.com/workflows/ai-financing-term-comparison/marketing-agencies,ai-financing-term-comparison,marketing-agencies,a terms matrix and formula-based payment worksheet,comparison fields supported by a supplied term record
AI acquisition financing term comparisons for consulting firms,https://www.creativeacquisitionsbook.com/workflows/ai-financing-term-comparison/consulting-firms,ai-financing-term-comparison,consulting-firms,a terms matrix and formula-based payment worksheet,comparison fields supported by a supplied term record
AI acquisition financing term comparisons for software companies,https://www.creativeacquisitionsbook.com/workflows/ai-financing-term-comparison/software-companies,ai-financing-term-comparison,software-companies,a terms matrix and formula-based payment worksheet,comparison fields supported by a supplied term record
AI acquisition financing term comparisons for ecommerce brands,https://www.creativeacquisitionsbook.com/workflows/ai-financing-term-comparison/ecommerce-brands,ai-financing-term-comparison,ecommerce-brands,a terms matrix and formula-based payment worksheet,comparison fields supported by a supplied term record
AI acquisition financing term comparisons for manufacturers,https://www.creativeacquisitionsbook.com/workflows/ai-financing-term-comparison/manufacturers,ai-financing-term-comparison,manufacturers,a terms matrix and formula-based payment worksheet,comparison fields supported by a supplied term record
AI acquisition financing term comparisons for wholesale distributors,https://www.creativeacquisitionsbook.com/workflows/ai-financing-term-comparison/wholesale-distributors,ai-financing-term-comparison,wholesale-distributors,a terms matrix and formula-based payment worksheet,comparison fields supported by a supplied term record
AI acquisition financing term comparisons for construction companies,https://www.creativeacquisitionsbook.com/workflows/ai-financing-term-comparison/construction-companies,ai-financing-term-comparison,construction-companies,a terms matrix and formula-based payment worksheet,comparison fields supported by a supplied term record
AI acquisition financing term comparisons for trade contractors,https://www.creativeacquisitionsbook.com/workflows/ai-financing-term-comparison/trade-contractors,ai-financing-term-comparison,trade-contractors,a terms matrix and formula-based payment worksheet,comparison fields supported by a supplied term record
AI acquisition financing term comparisons for salons,https://www.creativeacquisitionsbook.com/workflows/ai-financing-term-comparison/salons,ai-financing-term-comparison,salons,a terms matrix and formula-based payment worksheet,comparison fields supported by a supplied term record
AI acquisition financing term comparisons for restaurants,https://www.creativeacquisitionsbook.com/workflows/ai-financing-term-comparison/restaurants,ai-financing-term-comparison,restaurants,a terms matrix and formula-based payment worksheet,comparison fields supported by a supplied term record
AI acquisition financing term comparisons for retail stores,https://www.creativeacquisitionsbook.com/workflows/ai-financing-term-comparison/retail-stores,ai-financing-term-comparison,retail-stores,a terms matrix and formula-based payment worksheet,comparison fields supported by a supplied term record
AI acquisition financing term comparisons for logistics companies,https://www.creativeacquisitionsbook.com/workflows/ai-financing-term-comparison/logistics-companies,ai-financing-term-comparison,logistics-companies,a terms matrix and formula-based payment worksheet,comparison fields supported by a supplied term record
AI acquisition financing term comparisons for cleaning companies,https://www.creativeacquisitionsbook.com/workflows/ai-financing-term-comparison/cleaning-companies,ai-financing-term-comparison,cleaning-companies,a terms matrix and formula-based payment worksheet,comparison fields supported by a supplied term record
AI acquisition financing term comparisons for landscaping companies,https://www.creativeacquisitionsbook.com/workflows/ai-financing-term-comparison/landscaping-companies,ai-financing-term-comparison,landscaping-companies,a terms matrix and formula-based payment worksheet,comparison fields supported by a supplied term record
AI acquisition financing term comparisons for automotive shops,https://www.creativeacquisitionsbook.com/workflows/ai-financing-term-comparison/automotive-shops,ai-financing-term-comparison,automotive-shops,a terms matrix and formula-based payment worksheet,comparison fields supported by a supplied term record
AI acquisition financing term comparisons for fitness studios,https://www.creativeacquisitionsbook.com/workflows/ai-financing-term-comparison/fitness-studios,ai-financing-term-comparison,fitness-studios,a terms matrix and formula-based payment worksheet,comparison fields supported by a supplied term record
AI acquisition financing term comparisons for training companies,https://www.creativeacquisitionsbook.com/workflows/ai-financing-term-comparison/training-companies,ai-financing-term-comparison,training-companies,a terms matrix and formula-based payment worksheet,comparison fields supported by a supplied term record
AI acquisition financing term comparisons for staffing agencies,https://www.creativeacquisitionsbook.com/workflows/ai-financing-term-comparison/staffing-agencies,ai-financing-term-comparison,staffing-agencies,a terms matrix and formula-based payment worksheet,comparison fields supported by a supplied term record
AI acquisition financing term comparisons for event companies,https://www.creativeacquisitionsbook.com/workflows/ai-financing-term-comparison/event-companies,ai-financing-term-comparison,event-companies,a terms matrix and formula-based payment worksheet,comparison fields supported by a supplied term record
AI acquisition financing term comparisons for architecture firms,https://www.creativeacquisitionsbook.com/workflows/ai-financing-term-comparison/architecture-firms,ai-financing-term-comparison,architecture-firms,a terms matrix and formula-based payment worksheet,comparison fields supported by a supplied term record
AI seller dependency reviews for marketing agencies,https://www.creativeacquisitionsbook.com/workflows/ai-seller-dependency-review/marketing-agencies,ai-seller-dependency-review,marketing-agencies,a responsibility transfer map and unresolved dependency list,seller responsibilities with a tested replacement plan
AI seller dependency reviews for consulting firms,https://www.creativeacquisitionsbook.com/workflows/ai-seller-dependency-review/consulting-firms,ai-seller-dependency-review,consulting-firms,a responsibility transfer map and unresolved dependency list,seller responsibilities with a tested replacement plan
AI seller dependency reviews for software companies,https://www.creativeacquisitionsbook.com/workflows/ai-seller-dependency-review/software-companies,ai-seller-dependency-review,software-companies,a responsibility transfer map and unresolved dependency list,seller responsibilities with a tested replacement plan
AI seller dependency reviews for ecommerce brands,https://www.creativeacquisitionsbook.com/workflows/ai-seller-dependency-review/ecommerce-brands,ai-seller-dependency-review,ecommerce-brands,a responsibility transfer map and unresolved dependency list,seller responsibilities with a tested replacement plan
AI seller dependency reviews for manufacturers,https://www.creativeacquisitionsbook.com/workflows/ai-seller-dependency-review/manufacturers,ai-seller-dependency-review,manufacturers,a responsibility transfer map and unresolved dependency list,seller responsibilities with a tested replacement plan
AI seller dependency reviews for wholesale distributors,https://www.creativeacquisitionsbook.com/workflows/ai-seller-dependency-review/wholesale-distributors,ai-seller-dependency-review,wholesale-distributors,a responsibility transfer map and unresolved dependency list,seller responsibilities with a tested replacement plan
AI seller dependency reviews for construction companies,https://www.creativeacquisitionsbook.com/workflows/ai-seller-dependency-review/construction-companies,ai-seller-dependency-review,construction-companies,a responsibility transfer map and unresolved dependency list,seller responsibilities with a tested replacement plan
AI seller dependency reviews for trade contractors,https://www.creativeacquisitionsbook.com/workflows/ai-seller-dependency-review/trade-contractors,ai-seller-dependency-review,trade-contractors,a responsibility transfer map and unresolved dependency list,seller responsibilities with a tested replacement plan
AI seller dependency reviews for salons,https://www.creativeacquisitionsbook.com/workflows/ai-seller-dependency-review/salons,ai-seller-dependency-review,salons,a responsibility transfer map and unresolved dependency list,seller responsibilities with a tested replacement plan
AI seller dependency reviews for restaurants,https://www.creativeacquisitionsbook.com/workflows/ai-seller-dependency-review/restaurants,ai-seller-dependency-review,restaurants,a responsibility transfer map and unresolved dependency list,seller responsibilities with a tested replacement plan
AI seller dependency reviews for retail stores,https://www.creativeacquisitionsbook.com/workflows/ai-seller-dependency-review/retail-stores,ai-seller-dependency-review,retail-stores,a responsibility transfer map and unresolved dependency list,seller responsibilities with a tested replacement plan
AI seller dependency reviews for logistics companies,https://www.creativeacquisitionsbook.com/workflows/ai-seller-dependency-review/logistics-companies,ai-seller-dependency-review,logistics-companies,a responsibility transfer map and unresolved dependency list,seller responsibilities with a tested replacement plan
AI seller dependency reviews for cleaning companies,https://www.creativeacquisitionsbook.com/workflows/ai-seller-dependency-review/cleaning-companies,ai-seller-dependency-review,cleaning-companies,a responsibility transfer map and unresolved dependency list,seller responsibilities with a tested replacement plan
AI seller dependency reviews for landscaping companies,https://www.creativeacquisitionsbook.com/workflows/ai-seller-dependency-review/landscaping-companies,ai-seller-dependency-review,landscaping-companies,a responsibility transfer map and unresolved dependency list,seller responsibilities with a tested replacement plan
AI seller dependency reviews for automotive shops,https://www.creativeacquisitionsbook.com/workflows/ai-seller-dependency-review/automotive-shops,ai-seller-dependency-review,automotive-shops,a responsibility transfer map and unresolved dependency list,seller responsibilities with a tested replacement plan
AI seller dependency reviews for fitness studios,https://www.creativeacquisitionsbook.com/workflows/ai-seller-dependency-review/fitness-studios,ai-seller-dependency-review,fitness-studios,a responsibility transfer map and unresolved dependency list,seller responsibilities with a tested replacement plan
AI seller dependency reviews for training companies,https://www.creativeacquisitionsbook.com/workflows/ai-seller-dependency-review/training-companies,ai-seller-dependency-review,training-companies,a responsibility transfer map and unresolved dependency list,seller responsibilities with a tested replacement plan
AI seller dependency reviews for staffing agencies,https://www.creativeacquisitionsbook.com/workflows/ai-seller-dependency-review/staffing-agencies,ai-seller-dependency-review,staffing-agencies,a responsibility transfer map and unresolved dependency list,seller responsibilities with a tested replacement plan
AI seller dependency reviews for event companies,https://www.creativeacquisitionsbook.com/workflows/ai-seller-dependency-review/event-companies,ai-seller-dependency-review,event-companies,a responsibility transfer map and unresolved dependency list,seller responsibilities with a tested replacement plan
AI seller dependency reviews for architecture firms,https://www.creativeacquisitionsbook.com/workflows/ai-seller-dependency-review/architecture-firms,ai-seller-dependency-review,architecture-firms,a responsibility transfer map and unresolved dependency list,seller responsibilities with a tested replacement plan
AI acquisition transition plans for marketing agencies,https://www.creativeacquisitionsbook.com/workflows/ai-transition-planning/marketing-agencies,ai-transition-planning,marketing-agencies,a staged transition plan with acceptance evidence,critical transition milestones completed before their operating deadlines
AI acquisition transition plans for consulting firms,https://www.creativeacquisitionsbook.com/workflows/ai-transition-planning/consulting-firms,ai-transition-planning,consulting-firms,a staged transition plan with acceptance evidence,critical transition milestones completed before their operating deadlines
AI acquisition transition plans for software companies,https://www.creativeacquisitionsbook.com/workflows/ai-transition-planning/software-companies,ai-transition-planning,software-companies,a staged transition plan with acceptance evidence,critical transition milestones completed before their operating deadlines
AI acquisition transition plans for ecommerce brands,https://www.creativeacquisitionsbook.com/workflows/ai-transition-planning/ecommerce-brands,ai-transition-planning,ecommerce-brands,a staged transition plan with acceptance evidence,critical transition milestones completed before their operating deadlines
AI acquisition transition plans for manufacturers,https://www.creativeacquisitionsbook.com/workflows/ai-transition-planning/manufacturers,ai-transition-planning,manufacturers,a staged transition plan with acceptance evidence,critical transition milestones completed before their operating deadlines
AI acquisition transition plans for wholesale distributors,https://www.creativeacquisitionsbook.com/workflows/ai-transition-planning/wholesale-distributors,ai-transition-planning,wholesale-distributors,a staged transition plan with acceptance evidence,critical transition milestones completed before their operating deadlines
AI acquisition transition plans for construction companies,https://www.creativeacquisitionsbook.com/workflows/ai-transition-planning/construction-companies,ai-transition-planning,construction-companies,a staged transition plan with acceptance evidence,critical transition milestones completed before their operating deadlines
AI acquisition transition plans for trade contractors,https://www.creativeacquisitionsbook.com/workflows/ai-transition-planning/trade-contractors,ai-transition-planning,trade-contractors,a staged transition plan with acceptance evidence,critical transition milestones completed before their operating deadlines
AI acquisition transition plans for salons,https://www.creativeacquisitionsbook.com/workflows/ai-transition-planning/salons,ai-transition-planning,salons,a staged transition plan with acceptance evidence,critical transition milestones completed before their operating deadlines
AI acquisition transition plans for restaurants,https://www.creativeacquisitionsbook.com/workflows/ai-transition-planning/restaurants,ai-transition-planning,restaurants,a staged transition plan with acceptance evidence,critical transition milestones completed before their operating deadlines
AI acquisition transition plans for retail stores,https://www.creativeacquisitionsbook.com/workflows/ai-transition-planning/retail-stores,ai-transition-planning,retail-stores,a staged transition plan with acceptance evidence,critical transition milestones completed before their operating deadlines
AI acquisition transition plans for logistics companies,https://www.creativeacquisitionsbook.com/workflows/ai-transition-planning/logistics-companies,ai-transition-planning,logistics-companies,a staged transition plan with acceptance evidence,critical transition milestones completed before their operating deadlines
AI acquisition transition plans for cleaning companies,https://www.creativeacquisitionsbook.com/workflows/ai-transition-planning/cleaning-companies,ai-transition-planning,cleaning-companies,a staged transition plan with acceptance evidence,critical transition milestones completed before their operating deadlines
AI acquisition transition plans for landscaping companies,https://www.creativeacquisitionsbook.com/workflows/ai-transition-planning/landscaping-companies,ai-transition-planning,landscaping-companies,a staged transition plan with acceptance evidence,critical transition milestones completed before their operating deadlines
AI acquisition transition plans for automotive shops,https://www.creativeacquisitionsbook.com/workflows/ai-transition-planning/automotive-shops,ai-transition-planning,automotive-shops,a staged transition plan with acceptance evidence,critical transition milestones completed before their operating deadlines
AI acquisition transition plans for fitness studios,https://www.creativeacquisitionsbook.com/workflows/ai-transition-planning/fitness-studios,ai-transition-planning,fitness-studios,a staged transition plan with acceptance evidence,critical transition milestones completed before their operating deadlines
AI acquisition transition plans for training companies,https://www.creativeacquisitionsbook.com/workflows/ai-transition-planning/training-companies,ai-transition-planning,training-companies,a staged transition plan with acceptance evidence,critical transition milestones completed before their operating deadlines
AI acquisition transition plans for staffing agencies,https://www.creativeacquisitionsbook.com/workflows/ai-transition-planning/staffing-agencies,ai-transition-planning,staffing-agencies,a staged transition plan with acceptance evidence,critical transition milestones completed before their operating deadlines
AI acquisition transition plans for event companies,https://www.creativeacquisitionsbook.com/workflows/ai-transition-planning/event-companies,ai-transition-planning,event-companies,a staged transition plan with acceptance evidence,critical transition milestones completed before their operating deadlines
AI acquisition transition plans for architecture firms,https://www.creativeacquisitionsbook.com/workflows/ai-transition-planning/architecture-firms,ai-transition-planning,architecture-firms,a staged transition plan with acceptance evidence,critical transition milestones completed before their operating deadlines
AI acquisition LOI question lists for marketing agencies,https://www.creativeacquisitionsbook.com/workflows/ai-loi-question-list/marketing-agencies,ai-loi-question-list,marketing-agencies,a commercial questions memo for the transaction team,material open terms assigned to a decision owner
AI acquisition LOI question lists for consulting firms,https://www.creativeacquisitionsbook.com/workflows/ai-loi-question-list/consulting-firms,ai-loi-question-list,consulting-firms,a commercial questions memo for the transaction team,material open terms assigned to a decision owner
AI acquisition LOI question lists for software companies,https://www.creativeacquisitionsbook.com/workflows/ai-loi-question-list/software-companies,ai-loi-question-list,software-companies,a commercial questions memo for the transaction team,material open terms assigned to a decision owner
AI acquisition LOI question lists for ecommerce brands,https://www.creativeacquisitionsbook.com/workflows/ai-loi-question-list/ecommerce-brands,ai-loi-question-list,ecommerce-brands,a commercial questions memo for the transaction team,material open terms assigned to a decision owner
AI acquisition LOI question lists for manufacturers,https://www.creativeacquisitionsbook.com/workflows/ai-loi-question-list/manufacturers,ai-loi-question-list,manufacturers,a commercial questions memo for the transaction team,material open terms assigned to a decision owner
AI acquisition LOI question lists for wholesale distributors,https://www.creativeacquisitionsbook.com/workflows/ai-loi-question-list/wholesale-distributors,ai-loi-question-list,wholesale-distributors,a commercial questions memo for the transaction team,material open terms assigned to a decision owner
AI acquisition LOI question lists for construction companies,https://www.creativeacquisitionsbook.com/workflows/ai-loi-question-list/construction-companies,ai-loi-question-list,construction-companies,a commercial questions memo for the transaction team,material open terms assigned to a decision owner
AI acquisition LOI question lists for trade contractors,https://www.creativeacquisitionsbook.com/workflows/ai-loi-question-list/trade-contractors,ai-loi-question-list,trade-contractors,a commercial questions memo for the transaction team,material open terms assigned to a decision owner
AI acquisition LOI question lists for salons,https://www.creativeacquisitionsbook.com/workflows/ai-loi-question-list/salons,ai-loi-question-list,salons,a commercial questions memo for the transaction team,material open terms assigned to a decision owner
AI acquisition LOI question lists for restaurants,https://www.creativeacquisitionsbook.com/workflows/ai-loi-question-list/restaurants,ai-loi-question-list,restaurants,a commercial questions memo for the transaction team,material open terms assigned to a decision owner
AI acquisition LOI question lists for retail stores,https://www.creativeacquisitionsbook.com/workflows/ai-loi-question-list/retail-stores,ai-loi-question-list,retail-stores,a commercial questions memo for the transaction team,material open terms assigned to a decision owner
AI acquisition LOI question lists for logistics companies,https://www.creativeacquisitionsbook.com/workflows/ai-loi-question-list/logistics-companies,ai-loi-question-list,logistics-companies,a commercial questions memo for the transaction team,material open terms assigned to a decision owner
AI acquisition LOI question lists for cleaning companies,https://www.creativeacquisitionsbook.com/workflows/ai-loi-question-list/cleaning-companies,ai-loi-question-list,cleaning-companies,a commercial questions memo for the transaction team,material open terms assigned to a decision owner
AI acquisition LOI question lists for landscaping companies,https://www.creativeacquisitionsbook.com/workflows/ai-loi-question-list/landscaping-companies,ai-loi-question-list,landscaping-companies,a commercial questions memo for the transaction team,material open terms assigned to a decision owner
AI acquisition LOI question lists for automotive shops,https://www.creativeacquisitionsbook.com/workflows/ai-loi-question-list/automotive-shops,ai-loi-question-list,automotive-shops,a commercial questions memo for the transaction team,material open terms assigned to a decision owner
AI acquisition LOI question lists for fitness studios,https://www.creativeacquisitionsbook.com/workflows/ai-loi-question-list/fitness-studios,ai-loi-question-list,fitness-studios,a commercial questions memo for the transaction team,material open terms assigned to a decision owner
AI acquisition LOI question lists for training companies,https://www.creativeacquisitionsbook.com/workflows/ai-loi-question-list/training-companies,ai-loi-question-list,training-companies,a commercial questions memo for the transaction team,material open terms assigned to a decision owner
AI acquisition LOI question lists for staffing agencies,https://www.creativeacquisitionsbook.com/workflows/ai-loi-question-list/staffing-agencies,ai-loi-question-list,staffing-agencies,a commercial questions memo for the transaction team,material open terms assigned to a decision owner
AI acquisition LOI question lists for event companies,https://www.creativeacquisitionsbook.com/workflows/ai-loi-question-list/event-companies,ai-loi-question-list,event-companies,a commercial questions memo for the transaction team,material open terms assigned to a decision owner
AI acquisition LOI question lists for architecture firms,https://www.creativeacquisitionsbook.com/workflows/ai-loi-question-list/architecture-firms,ai-loi-question-list,architecture-firms,a commercial questions memo for the transaction team,material open terms assigned to a decision owner
AI acquisition decision memos for marketing agencies,https://www.creativeacquisitionsbook.com/workflows/ai-acquisition-decision-memo/marketing-agencies,ai-acquisition-decision-memo,marketing-agencies,an evidence-based decision memo with conditions,conclusions linked to a finding or explicit assumption
AI acquisition decision memos for consulting firms,https://www.creativeacquisitionsbook.com/workflows/ai-acquisition-decision-memo/consulting-firms,ai-acquisition-decision-memo,consulting-firms,an evidence-based decision memo with conditions,conclusions linked to a finding or explicit assumption
AI acquisition decision memos for software companies,https://www.creativeacquisitionsbook.com/workflows/ai-acquisition-decision-memo/software-companies,ai-acquisition-decision-memo,software-companies,an evidence-based decision memo with conditions,conclusions linked to a finding or explicit assumption
AI acquisition decision memos for ecommerce brands,https://www.creativeacquisitionsbook.com/workflows/ai-acquisition-decision-memo/ecommerce-brands,ai-acquisition-decision-memo,ecommerce-brands,an evidence-based decision memo with conditions,conclusions linked to a finding or explicit assumption
AI acquisition decision memos for manufacturers,https://www.creativeacquisitionsbook.com/workflows/ai-acquisition-decision-memo/manufacturers,ai-acquisition-decision-memo,manufacturers,an evidence-based decision memo with conditions,conclusions linked to a finding or explicit assumption
AI acquisition decision memos for wholesale distributors,https://www.creativeacquisitionsbook.com/workflows/ai-acquisition-decision-memo/wholesale-distributors,ai-acquisition-decision-memo,wholesale-distributors,an evidence-based decision memo with conditions,conclusions linked to a finding or explicit assumption
AI acquisition decision memos for construction companies,https://www.creativeacquisitionsbook.com/workflows/ai-acquisition-decision-memo/construction-companies,ai-acquisition-decision-memo,construction-companies,an evidence-based decision memo with conditions,conclusions linked to a finding or explicit assumption
AI acquisition decision memos for trade contractors,https://www.creativeacquisitionsbook.com/workflows/ai-acquisition-decision-memo/trade-contractors,ai-acquisition-decision-memo,trade-contractors,an evidence-based decision memo with conditions,conclusions linked to a finding or explicit assumption
AI acquisition decision memos for salons,https://www.creativeacquisitionsbook.com/workflows/ai-acquisition-decision-memo/salons,ai-acquisition-decision-memo,salons,an evidence-based decision memo with conditions,conclusions linked to a finding or explicit assumption
AI acquisition decision memos for restaurants,https://www.creativeacquisitionsbook.com/workflows/ai-acquisition-decision-memo/restaurants,ai-acquisition-decision-memo,restaurants,an evidence-based decision memo with conditions,conclusions linked to a finding or explicit assumption
AI acquisition decision memos for retail stores,https://www.creativeacquisitionsbook.com/workflows/ai-acquisition-decision-memo/retail-stores,ai-acquisition-decision-memo,retail-stores,an evidence-based decision memo with conditions,conclusions linked to a finding or explicit assumption
AI acquisition decision memos for logistics companies,https://www.creativeacquisitionsbook.com/workflows/ai-acquisition-decision-memo/logistics-companies,ai-acquisition-decision-memo,logistics-companies,an evidence-based decision memo with conditions,conclusions linked to a finding or explicit assumption
AI acquisition decision memos for cleaning companies,https://www.creativeacquisitionsbook.com/workflows/ai-acquisition-decision-memo/cleaning-companies,ai-acquisition-decision-memo,cleaning-companies,an evidence-based decision memo with conditions,conclusions linked to a finding or explicit assumption
AI acquisition decision memos for landscaping companies,https://www.creativeacquisitionsbook.com/workflows/ai-acquisition-decision-memo/landscaping-companies,ai-acquisition-decision-memo,landscaping-companies,an evidence-based decision memo with conditions,conclusions linked to a finding or explicit assumption
AI acquisition decision memos for automotive shops,https://www.creativeacquisitionsbook.com/workflows/ai-acquisition-decision-memo/automotive-shops,ai-acquisition-decision-memo,automotive-shops,an evidence-based decision memo with conditions,conclusions linked to a finding or explicit assumption
AI acquisition decision memos for fitness studios,https://www.creativeacquisitionsbook.com/workflows/ai-acquisition-decision-memo/fitness-studios,ai-acquisition-decision-memo,fitness-studios,an evidence-based decision memo with conditions,conclusions linked to a finding or explicit assumption
AI acquisition decision memos for training companies,https://www.creativeacquisitionsbook.com/workflows/ai-acquisition-decision-memo/training-companies,ai-acquisition-decision-memo,training-companies,an evidence-based decision memo with conditions,conclusions linked to a finding or explicit assumption
AI acquisition decision memos for staffing agencies,https://www.creativeacquisitionsbook.com/workflows/ai-acquisition-decision-memo/staffing-agencies,ai-acquisition-decision-memo,staffing-agencies,an evidence-based decision memo with conditions,conclusions linked to a finding or explicit assumption
AI acquisition decision memos for event companies,https://www.creativeacquisitionsbook.com/workflows/ai-acquisition-decision-memo/event-companies,ai-acquisition-decision-memo,event-companies,an evidence-based decision memo with conditions,conclusions linked to a finding or explicit assumption
AI acquisition decision memos for architecture firms,https://www.creativeacquisitionsbook.com/workflows/ai-acquisition-decision-memo/architecture-firms,ai-acquisition-decision-memo,architecture-firms,an evidence-based decision memo with conditions,conclusions linked to a finding or explicit assumption
